"FIPSCode","excCDR2020","excCDR2021","countyName","stateFIPS","countyFIPS","state"
"09009",206.470890504311,66.9236317996089,"New Haven",9,9,"Connecticut"
"09001",197.984538350338,28.5653818847522,"Fairfield",9,1,"Connecticut"
"09005",173.14936439528,116.227524840255,"Litchfield",9,5,"Connecticut"
"09011",145.364568366132,127.268126404787,"New London",9,11,"Connecticut"
"09013",134.761898408208,119.175227531475,"Tolland",9,13,"Connecticut"
"09015",191.659790979098,117.705684239467,"Windham",9,15,"Connecticut"
"09003",211.961733157906,57.078452772597,"Hartford",9,3,"Connecticut"
"09007",133.082633326822,52.2361316107558,"Middlesex",9,7,"Connecticut"
