"FIPSCode","excCDR2020","excCDR2021","countyName","stateFIPS","countyFIPS","state"
"10001",235.27218084698,283.075818635689,"Kent",10,1,"Delaware"
"10003",169.170257655262,112.498337893919,"New Castle",10,3,"Delaware"
"10005",224.011902721995,170.949888537424,"Sussex",10,5,"Delaware"
