"FIPSCode","excCDR2020","excCDR2021","countyName","stateFIPS","countyFIPS","state"
"15003",18.9833095959139,92.3516663691334,"Honolulu",15,3,"Hawaii"
"15009",25.4466801170547,162.523435027148,"Maui",15,9,"Hawaii"
"15001",4.97072244480013,133.02663988035,"Hawaii (county)",15,1,"Hawaii"
"15007",-42.4192665571976,12.2587411634907,"Kauai",15,7,"Hawaii"
"15005",3614.4578313253,8536.58536585366,"Kalawao",15,5,"Hawaii"
