"FIPSCode","excCDR2020","excCDR2021","countyName","stateFIPS","countyFIPS","state"
"44001",142.763666646838,-43.300267674382,"Bristol",44,1,"Rhode Island"
"44003",118.600863839128,114.263614949197,"Kent",44,3,"Rhode Island"
"44005",27.0747498528546,5.86290190192538,"Newport",44,5,"Rhode Island"
"44007",168.169888145699,23.0833597830164,"Providence",44,7,"Rhode Island"
"44009",119.125894411139,50.5863416877443,"Washington",44,9,"Rhode Island"
