"FIPSCode","COVIDCDR2020","COVIDCDR2021","countyName","stateFIPS","countyFIPS","state"
"15003",32.3014430296965,59.2407017529862,"Honolulu",15,3,"Hawaii"
"15009",18.1762000836105,57.2179883616177,"Maui",15,9,"Hawaii"
"15001",24.3565399795206,62.6878785335972,"Hawaii (county)",15,1,"Hawaii"
"15007",4.926108374,32.6899764359753,"Kauai",15,7,"Hawaii"
"15005",1445.783133,3658.536585,"Kalawao",15,5,"Hawaii"
